{"cameraMode":{"drawMode":0,"name":"Shaded","section":"Shading Mode"},"sceneLighting":true,"audioPlay":false,"sceneViewState":{"m_AlwaysRefresh":false,"showFog":true,"showSkybox":true,"showFlares":true,"showImageEffects":true,"showParticleSystems":true,"showVisualEffectGraphs":true,"m_FxEnabled":true},"in2DMode":false,"pivot":{"x":1.3325700759887696,"y":1.8099596500396729,"z":4.281616687774658},"rotation":{"x":-0.3097558915615082,"y":0.10157295316457749,"z":-0.03329998254776001,"w":-0.9448014497756958},"size":0.2349105179309845,"orthographic":false}